{
  "buildCommand": "npm run build",
  "outputDirectory": ".next",
  "devCommand": "npm run dev",
  "installCommand": "npm install",
  "framework": "nextjs",
  "env": {
    "NEXT_PUBLIC_SUPABASE_URL": "https://wiotbuodlwktvfbmepjn.supabase.co",
    "NEXT_PUBLIC_SUPABASE_ANON_KEY": "eyJhbGciOiJIUzI1NiIsInR5cCI6IkpXVCJ9.eyJpc3MiOiJzdXBhYmFzZSIsInJlZiI6Indpb3RidW9kbHdrdHZmYm1lcGpuIiwicm9sZSI6ImFub24iLCJpYXQiOjE3NDM5MjYyMjcsImV4cCI6MjA1OTUwMjIyN30.-GIia1SSsQL-2wNpWWb6BQD6D20E0occr3svjTrhP4g"
  },
  "builds": [
    {
      "src": "package.json",
      "use": "@vercel/next"
    }
  ],
  "routes": [
    {
      "src": "/(.*)",
      "dest": "/"
    }
  ]
} 